{
	"IcoMoonType": "selection",
	"icons": [
		{
			"icon": {
				"paths": [
					"M534.048 564.96l169.952 395.040-128 64-148.672-405.696-235.328 213.696v-832l640 512-297.952 52.96z"
				],
				"attrs": [
					{}
				],
				"isMulticolor": false,
				"isMulticolor2": false,
				"tags": [
					"pointer",
					"mouse"
				],
				"grid": 16
			},
			"attrs": [
				{}
			],
			"properties": {
				"order": 1,
				"id": 2,
				"prevSize": 32,
				"name": "pointer"
			},
			"setIdx": 1,
			"setId": 7,
			"iconIdx": 0
		}
	],
	"height": 1024,
	"preferences": {
		"showGlyphs": true,
		"showQuickUse": true,
		"showQuickUse2": true,
		"showSVGs": true,
		"fontPref": {
			"prefix": "icon-",
			"metadata": {
				"fontFamily": "icomoon",
				"majorVersion": 1,
				"minorVersion": 0
			},
			"metrics": {
				"emSize": 1024,
				"baseline": 6.25,
				"whitespace": 50
			},
			"embed": false,
			"showSelector": false,
			"showMetadata": false,
			"showMetrics": false,
			"showVersion": false
		},
		"imagePref": {
			"prefix": "icon-",
			"png": true,
			"useClassSelector": true,
			"color": 16777215,
			"bgColor": 16777215,
			"classSelector": ".icon",
			"height": 32,
			"columns": 16,
			"margin": 16
		},
		"historySize": 100,
		"showCodes": true,
		"gridSize": 16
	}
}